r2,mae,mse,rmse
-4.171435755496834,12.820453096374512,188.89923290806723,13.74406173254716