r2,mae,mse,rmse
-0.7664843196614595,11.7253211355678,210.29934718695176,14.501701527301952