r2,mae,mse,rmse
-0.14304726577427473,20.146102306535994,651.553700339973,25.525549951763487