r2,mae,mse,rmse
-6.57316171263228,10.444150661167688,132.40725861007547,11.506835299511133