r2,mae,mse,rmse
0.28208254890428397,12.380917059186663,308.0915154055148,17.552535868230404