r2,mae,mse,rmse
0.15386839674779396,22.334606791852682,999.7445274384462,31.618736967792472