r2,mae,mse,rmse
-18.43907162514454,12.219564459830147,163.24452559557068,12.776718107384646