r2,mae,mse,rmse
-0.3564668833679505,8.473363391095143,112.13964654806918,10.58960086821355