r2,mae,mse,rmse
0.11407162971508356,9.3650226058524,174.1672929383176,13.197245657269459