r2,mae,mse,rmse
-0.8055154277420449,11.358890417009626,190.87111298860444,13.815611205755772