r2,mae,mse,rmse
-0.0487524515991824,15.68479222975795,396.1267336704351,19.902932790682762