r2,mae,mse,rmse
0.18082615357727772,13.125818857281669,283.4731351085538,16.8366604499988