r2,mae,mse,rmse
0.18660000439894642,44.23656975711495,3486.1391434743728,59.04353600077127