r2,mae,mse,rmse
\-0.004292413689610086,36.02605696492885,2279.125773577102,47.74019033871882