r2,mae,mse,rmse
-9.337933612909278,33.91564419098773,1244.2217428972406,35.273527508561436