r2,mae,mse,rmse
-0.20509536592812116,51.3696825727539,5418.7922939765585,73.61244659686675