r2,mae,mse,rmse
-0.2803453489876615,13.871544258911133,384.53988574140436,19.60968856819007