r2,mae,mse,rmse
0.35056648366675747,28.339018473859515,1597.3794235678895,39.96722937067179