r2,mae,mse,rmse
-2.7459400802982574,11.24840465007673,155.4107483070397,12.466384732834124